<?xml version="1.0" encoding="UTF-8"?>
<!DOCTYPE toolbar:toolbar PUBLIC "-//OpenOffice.org//DTD OfficeDocument 1.0//EN" "toolbar.dtd">
<toolbar:toolbar xmlns:toolbar="http://openoffice.org/2001/toolbar" xmlns:xlink="http://www.w3.org/1999/xlink">
 <toolbar:toolbaritem xlink:href=".uno:InsertPage" toolbar:visible="false"/>
 <toolbar:toolbaritem xlink:href=".uno:DuplicatePage" toolbar:visible="false"/>
 <toolbar:toolbaritem xlink:href=".uno:RenamePage" toolbar:visible="false"/>
 <toolbar:toolbarseparator/>
 <toolbar:toolbaritem xlink:href=".uno:AssignLayout"/>
 <toolbar:toolbaritem xlink:href=".uno:PresentationLayout" toolbar:visible="false"/>
 <toolbar:toolbaritem xlink:href=".uno:ExpandPage" toolbar:visible="false"/>
 <toolbar:toolbaritem xlink:href=".uno:DeletePage"/>
</toolbar:toolbar>