<?xml version="1.0" encoding="UTF-8"?>
<!DOCTYPE toolbar:toolbar PUBLIC "-//OpenOffice.org//DTD OfficeDocument 1.0//EN" "toolbar.dtd">
<toolbar:toolbar xmlns:toolbar="http://openoffice.org/2001/toolbar" xmlns:xlink="http://www.w3.org/1999/xlink">
 <toolbar:toolbaritem xlink:href=".uno:OpenUrl" toolbar:visible="false"/>
 <toolbar:toolbaritem xlink:href=".uno:AddDirect"/>
 <toolbar:toolbaritem xlink:href=".uno:NewDoc" toolbar:visible="false"/>
 <toolbar:toolbaritem xlink:href=".uno:Open"/>
 <toolbar:toolbaritem xlink:href=".uno:OpenRemote" toolbar:visible="false"/>
 <toolbar:toolbaritem xlink:href=".uno:Save"/>
 <toolbar:toolbaritem xlink:href=".uno:SaveAs" toolbar:visible="false"/>
 <toolbar:toolbaritem xlink:href=".uno:SendMail" toolbar:visible="false"/>
 <toolbar:toolbarseparator/>
 <toolbar:toolbaritem xlink:href=".uno:EditDoc" toolbar:visible="false"/>
 <toolbar:toolbarseparator/>
 <toolbar:toolbaritem xlink:href=".uno:ExportDirectToPDF"/>
 <toolbar:toolbaritem xlink:href=".uno:PrintDefault" toolbar:visible="false"/>
 <toolbar:toolbaritem xlink:href=".uno:Print"/>
 <toolbar:toolbarseparator/>
 <toolbar:toolbaritem xlink:href=".uno:Cut" toolbar:visible="false"/>
 <toolbar:toolbaritem xlink:href=".uno:Copy" toolbar:visible="false"/>
 <toolbar:toolbaritem xlink:href=".uno:Paste"/>
 <toolbar:toolbaritem xlink:href=".uno:FormatPaintbrush"/>
 <toolbar:toolbarseparator/>
 <toolbar:toolbaritem xlink:href=".uno:Undo"/>
 <toolbar:toolbaritem xlink:href=".uno:Redo"/>
 <toolbar:toolbarseparator/>
 <toolbar:toolbaritem xlink:href=".uno:SearchDialog" toolbar:visible="false"/>
 <toolbar:toolbaritem xlink:href=".uno:SpellDialog" toolbar:visible="false"/>
 <toolbar:toolbaritem xlink:href=".uno:SpellOnline" toolbar:visible="false"/>
 <toolbar:toolbaritem xlink:href=".uno:ZoomMode" toolbar:visible="false"/>
 <toolbar:toolbaritem xlink:href=".uno:ZoomToolBox" toolbar:visible="false"/>
 <toolbar:toolbarseparator/>
 <toolbar:toolbaritem xlink:href=".uno:InsertTable"/>
 <toolbar:toolbaritem xlink:href=".uno:InsertGraphic"/>
 <toolbar:toolbaritem xlink:href=".uno:InsertAVMedia"/>
 <toolbar:toolbaritem xlink:href=".uno:InsertObjectChart"/>
 <toolbar:toolbarseparator/>
 <toolbar:toolbaritem xlink:href=".uno:Text"/>
 <toolbar:toolbaritem xlink:href=".uno:VerticalText" toolbar:visible="false"/>
 <toolbar:toolbaritem xlink:href=".uno:FontworkGalleryFloater" toolbar:visible="false"/>
 <toolbar:toolbaritem xlink:href=".uno:HyperlinkDialog" toolbar:visible="false"/>
 <toolbar:toolbarseparator/>
 <toolbar:toolbaritem xlink:href=".uno:GridVisible" toolbar:visible="false"/>
 <toolbar:toolbaritem xlink:href=".uno:HelplinesMove" toolbar:visible="false"/>
 <toolbar:toolbaritem xlink:href=".uno:AnimationEffects" toolbar:visible="false"/>
 <toolbar:toolbarseparator/>
 <toolbar:toolbaritem xlink:href=".uno:DisplayMode" toolbar:visible="false"/>
 <toolbar:toolbaritem xlink:href=".uno:ToggleTabBarVisibility" toolbar:visible="false"/>
 <toolbar:toolbaritem xlink:href=".uno:PageSetup" toolbar:visible="false"/>
 <toolbar:toolbaritem xlink:href=".uno:SlideMasterPage" toolbar:visible="false"/>
 <toolbar:toolbarseparator/>
 <toolbar:toolbaritem xlink:href=".uno:Presentation"/>
 <toolbar:toolbaritem xlink:href=".uno:PresentationCurrentSlide"/>
 <toolbar:toolbarseparator/>
 <toolbar:toolbaritem xlink:href=".uno:FirstPage" toolbar:visible="false"/>
 <toolbar:toolbaritem xlink:href=".uno:PreviousPage" toolbar:visible="false"/>
 <toolbar:toolbaritem xlink:href=".uno:NextPage" toolbar:visible="false"/>
 <toolbar:toolbaritem xlink:href=".uno:LastPage" toolbar:visible="false"/>
 <toolbar:toolbarseparator/>
 <toolbar:toolbaritem xlink:href=".uno:MovePageFirst" toolbar:visible="false"/>
 <toolbar:toolbaritem xlink:href=".uno:MovePageUp" toolbar:visible="false"/>
 <toolbar:toolbaritem xlink:href=".uno:MovePageDown" toolbar:visible="false"/>
 <toolbar:toolbaritem xlink:href=".uno:MovePageLast" toolbar:visible="false"/>
 <toolbar:toolbarseparator/>
 <toolbar:toolbaritem xlink:href=".uno:HelpIndex" toolbar:visible="false"/>
 <toolbar:toolbaritem xlink:href=".uno:ExtendedHelp" toolbar:visible="false"/>
</toolbar:toolbar>