<?xml version="1.0" encoding="UTF-8"?>
<!DOCTYPE toolbar:toolbar PUBLIC "-//OpenOffice.org//DTD OfficeDocument 1.0//EN" "toolbar.dtd">
<toolbar:toolbar xmlns:toolbar="http://openoffice.org/2001/toolbar" xmlns:xlink="http://www.w3.org/1999/xlink">
 <toolbar:toolbaritem xlink:href=".uno:ExitSearch"/>
 <toolbar:toolbaritem xlink:href=".uno:FindText"/>
 <toolbar:toolbaritem xlink:href=".uno:UpSearch"/>
 <toolbar:toolbaritem xlink:href=".uno:DownSearch"/>
 <toolbar:toolbaritem xlink:href=".uno:FindAll"/>
 <toolbar:toolbaritem xlink:href=".uno:MatchCase"/>
 <toolbar:toolbarseparator/>
 <toolbar:toolbaritem xlink:href=".uno:SearchDialog"/>
 <toolbar:toolbarseparator/>
 <toolbar:toolbaritem xlink:href=".uno:NavigationPopup"/>
 <toolbar:toolbaritem xlink:href=".uno:ScrollToPrevious"/>
 <toolbar:toolbaritem xlink:href=".uno:ScrollToNext"/>
 <toolbar:toolbarseparator/>
 <toolbar:toolbaritem xlink:href=".uno:SearchLabel"/>
 <toolbar:toolbaritem xlink:href=".uno:InsertObjectStarMath" toolbar:text="Fórmula…"/>
</toolbar:toolbar>