<?xml version="1.0"?>
<ext:extension-backend-db xmlns:ext="http://openoffice.org/extensionmanager/extension-registry/2010"><ext:extension url="vnd.sun.star.expand:$BUNDLED_EXTENSIONS/writer2latex"><ext:extension-items><ext:item><ext:url>vnd.sun.star.expand:$BUNDLED_EXTENSIONS/writer2latex/writer2latex.rdb</ext:url><ext:media-type>application/vnd.sun.star.uno-typelibrary;type=RDB</ext:media-type></ext:item><ext:item><ext:url>vnd.sun.star.expand:$BUNDLED_EXTENSIONS/writer2latex/W2LDialogs/</ext:url><ext:media-type>application/vnd.sun.star.basic-library</ext:media-type></ext:item><ext:item><ext:url>vnd.sun.star.expand:$BUNDLED_EXTENSIONS/writer2latex/Options.xcs</ext:url><ext:media-type>application/vnd.sun.star.configuration-schema</ext:media-type></ext:item><ext:item><ext:url>vnd.sun.star.expand:$BUNDLED_EXTENSIONS/writer2latex/w2l_types.xcu</ext:url><ext:media-type>application/vnd.sun.star.configuration-data</ext:media-type></ext:item><ext:item><ext:url>vnd.sun.star.expand:$BUNDLED_EXTENSIONS/writer2latex/w2l_filters.xcu</ext:url><ext:media-type>application/vnd.sun.star.configuration-data</ext:media-type></ext:item><ext:item><ext:url>vnd.sun.star.expand:$BUNDLED_EXTENSIONS/writer2latex/Options.xcu</ext:url><ext:media-type>application/vnd.sun.star.configuration-data</ext:media-type></ext:item></ext:extension-items></ext:extension></ext:extension-backend-db>
