<?xml version="1.0"?>
<conf:configuration-backend-db xmlns:conf="http://openoffice.org/extensionmanager/configuration-registry/2010"><conf:configuration url="vnd.sun.star.expand:$BUNDLED_EXTENSIONS/writer2latex/Options.xcs"><conf:ini-entry>$BUNDLED_EXTENSIONS/writer2latex/Options.xcs</conf:ini-entry></conf:configuration><conf:configuration url="vnd.sun.star.expand:$BUNDLED_EXTENSIONS/writer2latex/w2l_types.xcu"><conf:ini-entry>$BUNDLED_EXTENSIONS/writer2latex/w2l_types.xcu</conf:ini-entry></conf:configuration><conf:configuration url="vnd.sun.star.expand:$BUNDLED_EXTENSIONS/writer2latex/w2l_filters.xcu"><conf:ini-entry>$BUNDLED_EXTENSIONS/writer2latex/w2l_filters.xcu</conf:ini-entry></conf:configuration><conf:configuration url="vnd.sun.star.expand:$BUNDLED_EXTENSIONS/writer2latex/Options.xcu"><conf:ini-entry>$BUNDLED_EXTENSIONS/writer2latex/Options.xcu</conf:ini-entry></conf:configuration></conf:configuration-backend-db>
